store_code,generated_at,品番,name,price,category_large,category_middle,area_name,promo_class,is_focus_item,stock_salesfloor,stock_backroom
S001,2025-08-18,10010-0101,紳士 綿混リブボクサー 吸汗速乾 2枚組,299,10 肌着,1003,プロモ①,重点,1,3,22
S001,2025-08-18,10010-0102,紳士 接触冷感 トランクス 抗菌防臭,349,10 肌着,1003,プロモ①,重点,1,6,18
S001,2025-08-18,10010-0103,紳士 ドライボクサー メッシュ 涼感,399,10 肌着,1003,プロモ①,重点,1,2,27
S001,2025-08-18,10010-0104,紳士 綿100 クルーネック 半袖インナー,499,10 肌着,1004,プロモ①,重点,1,8,16
S001,2025-08-18,10010-0105,紳士 ひんやり Vネック 半袖インナー,599,10 肌着,1004,プロモ①,重点,1,5,24
S001,2025-08-18,10010-0201,婦人 ブラトップ 綿混 カップ付 涼感,299,10 肌着,1014,プロモ②,重点,1,1,20
S001,2025-08-18,10010-0202,婦人 ノンワイヤーブラ 接触冷感,349,10 肌着,1010,プロモ②,重点,1,7,15
S001,2025-08-18,10010-0203,婦人 ショーツ 綿リブ 抗菌防臭 3枚組,399,10 肌着,1011,プロモ②,重点,1,4,28
S001,2025-08-18,10010-0204,婦人 カップ付きキャミ ソフトタッチ,499,10 肌着,1014,プロモ②,重点,1,0,19
S001,2025-08-18,10010-0205,婦人 涼感インナー 八分袖 薄手,599,10 肌着,1019,プロモ②,重点,1,2,25
S001,2025-08-18,20020-0101,紳士 ビジネスソックス 抗菌防臭 3足組,299,20 靴下,2003,プロモ①,重点,1,2,21
S001,2025-08-18,20020-0102,紳士 くるぶし丈 ドライメッシュ 3足組,349,20 靴下,2003,プロモ①,重点,1,8,17
S001,2025-08-18,20020-0103,婦人 フットカバー 滑り止め付,399,20 靴下,2010,プロモ①,重点,1,5,29
S001,2025-08-18,20020-0104,婦人 リブクルー 抗菌防臭 3足組,499,20 靴下,2010,プロモ①,重点,1,3,13
S001,2025-08-18,20020-0105,子供 スニーカー丈 カラーセット,599,20 靴下,2021,プロモ①,重点,1,6,26
S001,2025-08-18,20020-0201,紳士 五本指ソックス ドライ,299,20 靴下,2003,プロモ②,重点,1,1,14
S001,2025-08-18,20020-0202,婦人 綿混 ショートソックス 4足組,349,20 靴下,2010,プロモ②,重点,1,7,27
S001,2025-08-18,20020-0203,子供 キャラクターアンクル 3足組,399,20 靴下,2021,プロモ②,重点,1,4,18
S001,2025-08-18,20020-0204,紳士 消臭ビジカジ リブ 3足組,499,20 靴下,2003,プロモ②,重点,1,0,30
S001,2025-08-18,20020-0205,婦人 サラッとメッシュカバー,599,20 靴下,2010,プロモ②,重点,1,2,16
S001,2025-08-18,40040-0101,子供 吸汗速乾 半袖Tシャツ,399,40 子供服,4001,プロモ①,重点,1,6,24
S001,2025-08-18,40040-0102,子供 ドライポロ UVカット,499,40 子供服,4001,プロモ①,重点,1,3,20
S001,2025-08-18,40040-0103,子供 薄手デニム ハーフパンツ,699,40 子供服,4002,プロモ①,重点,1,8,15
S001,2025-08-18,40040-0104,子供 メッシュパーカー さらっと,799,40 子供服,4003,プロモ①,重点,1,2,28
S001,2025-08-18,40040-0105,子供 綿混インナー キャミ2枚組,899,40 子供服,1020,プロモ①,重点,1,5,19
S001,2025-08-18,40040-0201,子供 無地T 2枚組 吸汗速乾,399,40 子供服,4001,プロモ②,重点,1,1,26
S001,2025-08-18,40040-0202,子供 ソフトタッチ レギンス七分,499,40 子供服,4002,プロモ②,重点,1,7,22
S001,2025-08-18,40040-0203,子供 薄手ウインドブレーカー,699,40 子供服,4003,プロモ②,重点,1,4,12
S001,2025-08-18,40040-0204,子供 涼感インナー タンク2枚組,799,40 子供服,1020,プロモ②,重点,1,0,25
S001,2025-08-18,40040-0205,子供 帽子 メッシュキャップ,899,40 子供服,4009,プロモ②,重点,1,2,17
S001,2025-08-18,40040-0301,子供 グラフィックT さらり,399,40 子供服,4001,プロモ③,重点,1,6,23
S001,2025-08-18,40040-0302,子供 ドライショートパンツ,499,40 子供服,4002,プロモ③,重点,1,3,14
S001,2025-08-18,40040-0303,子供 ナイロンパーカー 薄手,699,40 子供服,4003,プロモ③,重点,1,8,29
S001,2025-08-18,40040-0304,子供 メッシュインナー 半袖2枚組,799,40 子供服,1020,プロモ③,重点,1,5,18
S001,2025-08-18,40040-0305,子供 キャップ 吸汗速乾,899,40 子供服,4009,プロモ③,重点,1,1,27
S001,2025-08-18,40040-0401,子供 ラインT UVカット,399,40 子供服,4001,プロモ④,重点,1,4,21
S001,2025-08-18,40040-0402,子供 サラッとジョガー,499,40 子供服,4002,プロモ④,重点,1,2,30
S001,2025-08-18,40040-0403,子供 薄手マウンテンJK,699,40 子供服,4003,プロモ④,重点,1,7,16
S001,2025-08-18,40040-0404,子供 綿混 タンクインナー2P,799,40 子供服,1020,プロモ④,重点,1,0,24
S001,2025-08-18,40040-0405,子供 サコッシュ 軽量,899,40 子供服,4009,プロモ④,重点,1,3,13
S001,2025-08-18,50050-0101,紳士 DRYポロ 半袖 抗菌防臭,599,50 紳士服,5001,プロモ①,重点,1,5,20
S001,2025-08-18,50050-0102,紳士 綿麻シャツ 七分袖 涼感,699,50 紳士服,5001,プロモ①,重点,1,2,26
S001,2025-08-18,50050-0103,紳士 さらっとチノ ショート,799,50 紳士服,5002,プロモ①,重点,1,8,17
S001,2025-08-18,50050-0104,紳士 ストレッチ スラックス 薄手,899,50 紳士服,5002,プロモ①,重点,1,1,28
S001,2025-08-18,50050-0105,紳士 薄手ライトアウター,999,50 紳士服,5003,プロモ①,重点,1,6,22
S001,2025-08-18,50050-0201,紳士 鹿の子ポロ 冷感タッチ,599,50 紳士服,5001,プロモ②,重点,1,3,15
S001,2025-08-18,50050-0202,紳士 吸汗速乾 半袖シャツ,699,50 紳士服,5001,プロモ②,重点,1,7,27
S001,2025-08-18,50050-0203,紳士 ドライジョガー ひんやり,799,50 紳士服,5002,プロモ②,重点,1,4,19
S001,2025-08-18,50050-0204,紳士 薄手マウンテンパーカー,899,50 紳士服,5003,プロモ②,重点,1,0,29
S001,2025-08-18,50050-0205,紳士 ベルト メッシュ,999,50 紳士服,5009,プロモ②,重点,1,2,18
S001,2025-08-18,50050-0301,紳士 接触冷感 Tシャツ,599,50 紳士服,5001,プロモ③,重点,1,6,24
S001,2025-08-18,50050-0302,紳士 UVドライ カットソー,699,50 紳士服,5001,プロモ③,重点,1,3,14
S001,2025-08-18,50050-0303,紳士 ストレッチ ハーフパンツ,799,50 紳士服,5002,プロモ③,重点,1,8,30
S001,2025-08-18,50050-0304,紳士 パッカブルウインドJK,899,50 紳士服,5003,プロモ③,重点,1,5,21
S001,2025-08-18,50050-0305,紳士 抗菌 消臭 マスク,999,50 紳士服,5009,プロモ③,重点,1,1,25
S001,2025-08-18,50050-0401,紳士 綿麻イージーパンツ 薄手,599,50 紳士服,5002,プロモ④,重点,1,4,16
S001,2025-08-18,50050-0402,紳士 ひんやり開襟シャツ,699,50 紳士服,5001,プロモ④,重点,1,2,23
S001,2025-08-18,50050-0403,紳士 軽量ナイロンJK,799,50 紳士服,5003,プロモ④,重点,1,7,12
S001,2025-08-18,50050-0404,紳士 ストレッチ ストレートパンツ,899,50 紳士服,5002,プロモ④,重点,1,0,26
S001,2025-08-18,50050-0405,紳士 サスペンダー 柔らか,999,50 紳士服,5009,プロモ④,重点,1,3,20
S001,2025-08-18,60060-0101,フェイスタオル 速乾 薄手,199,60 雑貨,6002,プロモ①,重点,1,5,19
S001,2025-08-18,60060-0102,ボディタオル ひんやり,299,60 雑貨,6002,プロモ①,重点,1,2,24
S001,2025-08-18,60060-0103,サンダル 軽量 メッシュ,399,60 雑貨,6007,プロモ①,重点,1,8,16
S001,2025-08-18,60060-0104,ハンディファン 静音,499,60 雑貨,6003,プロモ①,重点,1,1,28
S001,2025-08-18,60060-0105,冷感ジェルまくらパッド,599,60 雑貨,6006,プロモ①,重点,1,6,22
S001,2025-08-18,60060-0201,キッチンクロス 吸水 5枚組,199,60 雑貨,6005,プロモ②,重点,1,3,15
S001,2025-08-18,60060-0202,抗菌 ランドリーネット セット,299,60 雑貨,6001,プロモ②,重点,1,7,27
S001,2025-08-18,60060-0203,クールジェルシート 大容量,399,60 雑貨,6004,プロモ②,重点,1,4,18
S001,2025-08-18,60060-0204,ひんやり敷きパッド シングル,499,60 雑貨,6006,プロモ②,重点,1,0,29
S001,2025-08-18,60060-0205,保冷エコバッグ 折りたたみ,599,60 雑貨,6009,プロモ②,重点,1,2,20
S001,2025-08-18,60060-0301,ミニ扇風機 首かけ,199,60 雑貨,6003,プロモ③,重点,1,6,23
S001,2025-08-18,60060-0302,ルームスリッパ メッシュ,299,60 雑貨,6007,プロモ③,重点,1,3,14
S001,2025-08-18,60060-0303,バスタオル 速乾 薄手,399,60 雑貨,6002,プロモ③,重点,1,8,30
S001,2025-08-18,60060-0304,ボトル冷感ホルダー,499,60 雑貨,6001,プロモ③,重点,1,5,21
S001,2025-08-18,60060-0305,ひんやりネックリング,599,60 雑貨,6003,プロモ③,重点,1,1,25
S001,2025-08-18,60060-0401,洗える枕 清潔,199,60 雑貨,6006,プロモ④,重点,1,4,16
S001,2025-08-18,60060-0402,抗菌ハンドソープ 詰替,299,60 雑貨,6004,プロモ④,重点,1,2,23
S001,2025-08-18,60060-0403,キッチンスポンジ 6個入,399,60 雑貨,6005,プロモ④,重点,1,7,12
S001,2025-08-18,60060-0404,保冷剤 大判,499,60 雑貨,6003,プロモ④,重点,1,0,26
S001,2025-08-18,60060-0405,冷感敷きパッド ダブル,599,60 雑貨,6006,プロモ④,重点,1,3,20
S001,2025-08-18,70070-0101,紳士 さらりルームT セット,699,70 ホームウェア,7001,プロモ①,重点,1,4,22
S001,2025-08-18,70070-0102,紳士 接触冷感 パジャマ,799,70 ホームウェア,7001,プロモ①,重点,1,2,17
S001,2025-08-18,70070-0103,婦人 カップ付ルームワンピ,899,70 ホームウェア,7010,プロモ①,重点,1,8,28
S001,2025-08-18,70070-0104,婦人 綿混パジャマ 七分袖,999,70 ホームウェア,7010,プロモ①,重点,1,5,19
S001,2025-08-18,70070-0105,子供 メッシュ半袖パジャマ,799,70 ホームウェア,7020,プロモ①,重点,1,1,25
S001,2025-08-18,70070-0201,紳士 ドライハーフパンツ ルーム,699,70 ホームウェア,7001,プロモ②,重点,1,6,21
S001,2025-08-18,70070-0202,婦人 ひんやりガウチョ ルーム,799,70 ホームウェア,7010,プロモ②,重点,1,3,30
S001,2025-08-18,70070-0203,婦人 カップ付タンク ルーム,899,70 ホームウェア,7010,プロモ②,重点,1,7,16
S001,2025-08-18,70070-0204,子供 薄手ルームセット 2点,999,70 ホームウェア,7020,プロモ②,重点,1,0,24
S001,2025-08-18,70070-0205,紳士 軽量ルームガウン,899,70 ホームウェア,7001,プロモ②,重点,1,2,13
S001,2025-08-18,70070-0301,婦人 綿混ルームワンピ 涼感,699,70 ホームウェア,7010,プロモ③,重点,1,5,27
S001,2025-08-18,70070-0302,紳士 ドライルームT 2枚組,799,70 ホームウェア,7001,プロモ③,重点,1,1,18
S001,2025-08-18,70070-0303,子供 吸汗速乾 パジャマ半袖,899,70 ホームウェア,7020,プロモ③,重点,1,8,22
S001,2025-08-18,70070-0304,婦人 涼感サテン パジャマ,999,70 ホームウェア,7010,プロモ③,重点,1,3,14
S001,2025-08-18,70070-0305,紳士 ワッフルルームパンツ,799,70 ホームウェア,7001,プロモ③,重点,1,6,29
S001,2025-08-18,70070-0401,紳士 接触冷感 ルームセット,699,70 ホームウェア,7001,プロモ④,重点,1,4,20
S001,2025-08-18,70070-0402,婦人 カップ付ルームタンク,799,70 ホームウェア,7010,プロモ④,重点,1,2,26
S001,2025-08-18,70070-0403,子供 ドライ半袖 ルームセット,899,70 ホームウェア,7020,プロモ④,重点,1,7,15
S001,2025-08-18,70070-0404,婦人 ワイドパンツ ルーム 涼感,999,70 ホームウェア,7010,プロモ④,重点,1,0,23
S001,2025-08-18,70070-0405,紳士 軽量ガウン メッシュ,799,70 ホームウェア,7001,プロモ④,重点,1,3,12
S001,2025-08-18,80080-0101,婦人 接触冷感 Tシャツ,599,80 婦人服,8001,プロモ①,重点,1,6,24
S001,2025-08-18,80080-0102,婦人 綿混チュニック 半袖,699,80 婦人服,8001,プロモ①,重点,1,3,19
S001,2025-08-18,80080-0103,婦人 楽ちんワイドパンツ,799,80 婦人服,8002,プロモ①,重点,1,8,28
S001,2025-08-18,80080-0104,婦人 サラッとカーデ 薄手,899,80 婦人服,8003,プロモ①,重点,1,2,16
S001,2025-08-18,80080-0105,婦人 UVカット パーカー 薄手,999,80 婦人服,8003,プロモ①,重点,1,5,21
S001,2025-08-18,80080-0201,婦人 ドライカットソー,599,80 婦人服,8001,プロモ②,重点,1,1,25
S001,2025-08-18,80080-0202,婦人 綿混ロングT,699,80 婦人服,8001,プロモ②,重点,1,7,14
S001,2025-08-18,80080-0203,婦人 ストレッチテーパード,799,80 婦人服,8002,プロモ②,重点,1,4,29
S001,2025-08-18,80080-0204,婦人 薄手ライトコート,899,80 婦人服,8003,プロモ②,重点,1,0,18
S001,2025-08-18,80080-0205,婦人 スカーフ 軽やか,999,80 婦人服,8009,プロモ②,重点,1,2,23
S001,2025-08-18,80080-0301,婦人 吸汗速乾 チュニック,599,80 婦人服,8001,プロモ③,重点,1,6,20
S001,2025-08-18,80080-0302,婦人 接触冷感 プルオーバー,699,80 婦人服,8001,プロモ③,重点,1,3,27
S001,2025-08-18,80080-0303,婦人 サラッとイージーパンツ,799,80 婦人服,8002,プロモ③,重点,1,8,13
S001,2025-08-18,80080-0304,婦人 UVパーカー ライト,899,80 婦人服,8003,プロモ③,重点,1,5,30
S001,2025-08-18,80080-0305,婦人 ストール 薄手,999,80 婦人服,8009,プロモ③,重点,1,1,22
S001,2025-08-18,80080-0401,婦人 綿混ロングT ゆったり,599,80 婦人服,8001,プロモ④,重点,1,4,17
S001,2025-08-18,80080-0402,婦人 レーヨンブラウス 涼感,699,80 婦人服,8001,プロモ④,重点,1,2,24
S001,2025-08-18,80080-0403,婦人 ひんやりワイド,799,80 婦人服,8002,プロモ④,重点,1,7,15
S001,2025-08-18,80080-0404,婦人 薄手ロングカーデ,899,80 婦人服,8003,プロモ④,重点,1,0,26
S001,2025-08-18,80080-0405,婦人 日よけアームカバー,999,80 婦人服,8009,プロモ④,重点,1,3,19
S001,2025-08-18,90110-0001,店頭 全ワ① 紳士 ドライボクサー 2枚組,299,10 肌着,1003,全ワ①,重点,1,5,20
S001,2025-08-18,90110-0002,店頭 全ワ① 婦人 ブラトップ ひんやり,349,10 肌着,1014,全ワ①,重点,1,2,26
S001,2025-08-18,90110-0003,店頭 全ワ① 紳士 クルーネック 半袖,399,10 肌着,1004,全ワ①,重点,1,8,17
S001,2025-08-18,90110-0004,店頭 全ワ① 婦人 ショーツ 綿混,499,10 肌着,1011,全ワ①,重点,1,1,28
S001,2025-08-18,90110-0005,店頭 全ワ① 婦人 ノンワイヤーブラ,599,10 肌着,1010,全ワ①,重点,1,6,22
S001,2025-08-18,90220-0001,店頭 全ワ② 紳士 ビジネスソックス,299,20 靴下,2003,全ワ②,重点,1,3,15
S001,2025-08-18,90220-0002,店頭 全ワ② 婦人 リブクルー 3足組,349,20 靴下,2010,全ワ②,重点,1,7,27
S001,2025-08-18,90220-0003,店頭 全ワ② 子供 スニーカー丈,399,20 靴下,2021,全ワ②,重点,1,4,19
S001,2025-08-18,90220-0004,店頭 全ワ② 婦人 フットカバー,499,20 靴下,2010,全ワ②,重点,1,0,29
S001,2025-08-18,90220-0005,店頭 全ワ② 紳士 ドライメッシュ 3足組,599,20 靴下,2003,全ワ②,重点,1,2,18
S001,2025-08-18,90340-0001,店頭 全ラ① 子供 吸汗速乾 半袖T,399,40 子供服,4001,全ラ①,重点,1,6,24
S001,2025-08-18,90340-0002,店頭 全ラ① 子供 ドライショートパンツ,499,40 子供服,4002,全ラ①,重点,1,3,14
S001,2025-08-18,90340-0003,店頭 全ラ① 子供 薄手ライトJK,699,40 子供服,4003,全ラ①,重点,1,8,30
S001,2025-08-18,90340-0004,店頭 全ラ① 子供 綿混タンク 2枚組,799,40 子供服,1020,全ラ①,重点,1,5,21
S001,2025-08-18,90340-0005,店頭 全ラ① 子供 メッシュキャップ,899,40 子供服,4009,全ラ①,重点,1,1,25
S001,2025-08-18,90450-0001,店頭 全ラ② 紳士 DRYポロ 半袖,599,50 紳士服,5001,全ラ②,重点,1,4,16
S001,2025-08-18,90450-0002,店頭 全ラ② 紳士 イージーパンツ,699,50 紳士服,5002,全ラ②,重点,1,2,23
S001,2025-08-18,90450-0003,店頭 全ラ② 紳士 薄手ライトアウター,799,50 紳士服,5003,全ラ②,重点,1,7,12
S001,2025-08-18,90450-0004,店頭 全ラ② 紳士 ストレッチパンツ,899,50 紳士服,5002,全ラ②,重点,1,0,26
S001,2025-08-18,90450-0005,店頭 全ラ② 紳士 メッシュベルト,999,50 紳士服,5009,全ラ②,重点,1,3,20